INSERT INTO equipo (id, nombre, ciudad, fundacion) VALUES (1, 'DarkOliveGreen FC', 'Lake Joshuabury', '1964-10-21');
INSERT INTO equipo (id, nombre, ciudad, fundacion) VALUES (2, 'DarkKhaki FC', 'New Roberttown', '1961-09-07');
INSERT INTO equipo (id, nombre, ciudad, fundacion) VALUES (3, 'IndianRed FC', 'New Carolyn', '1993-07-02');
INSERT INTO equipo (id, nombre, ciudad, fundacion) VALUES (4, 'Gray FC', 'Robinsonshire', '1974-03-29');
INSERT INTO equipo (id, nombre, ciudad, fundacion) VALUES (5, 'AntiqueWhite FC', 'Lake Roberto', '1974-03-21');
INSERT INTO equipo (id, nombre, ciudad, fundacion) VALUES (6, 'DeepSkyBlue FC', 'Port Matthew', '1961-08-15');
INSERT INTO equipo (id, nombre, ciudad, fundacion) VALUES (7, 'Olive FC', 'West Melanieview', '1958-04-07');
INSERT INTO equipo (id, nombre, ciudad, fundacion) VALUES (8, 'Salmon FC', 'South Christianport', '1979-12-02');
INSERT INTO equipo (id, nombre, ciudad, fundacion) VALUES (9, 'GoldenRod FC', 'North Donnaport', '1960-09-27');
INSERT INTO equipo (id, nombre, ciudad, fundacion) VALUES (10, 'Lavender FC', 'South Joshuastad', '1966-05-18');
INSERT INTO equipo (id, nombre, ciudad, fundacion) VALUES (11, 'NavajoWhite FC', 'Jasonview', '1960-03-02');
INSERT INTO equipo (id, nombre, ciudad, fundacion) VALUES (12, 'FloralWhite FC', 'East Steven', '1973-09-05');
INSERT INTO equipo (id, nombre, ciudad, fundacion) VALUES (13, 'Indigo FC', 'Meganton', '1970-11-24');
INSERT INTO equipo (id, nombre, ciudad, fundacion) VALUES (14, 'BlanchedAlmond FC', 'Richardland', '1969-09-01');
INSERT INTO equipo (id, nombre, ciudad, fundacion) VALUES (15, 'Maroon FC', 'Lake Victor', '1986-07-14');
INSERT INTO equipo (id, nombre, ciudad, fundacion) VALUES (16, 'DarkTurquoise FC', 'Donaldside', '1991-12-27');
INSERT INTO equipo (id, nombre, ciudad, fundacion) VALUES (17, 'LightGray FC', 'Hurstfurt', '1979-12-11');
INSERT INTO equipo (id, nombre, ciudad, fundacion) VALUES (18, 'Indigo FC', 'New Trevor', '1958-07-08');
INSERT INTO equipo (id, nombre, ciudad, fundacion) VALUES (19, 'DarkOliveGreen FC', 'Lake Ernest', '1984-01-14');
INSERT INTO equipo (id, nombre, ciudad, fundacion) VALUES (20, 'Coral FC', 'Jamesmouth', '1991-04-26');
INSERT INTO equipo (id, nombre, ciudad, fundacion) VALUES (21, 'LightCoral FC', 'Lake Jenniferside', '1973-06-19');
INSERT INTO equipo (id, nombre, ciudad, fundacion) VALUES (22, 'MediumSpringGreen FC', 'West Ryanmouth', '1955-07-13');
INSERT INTO equipo (id, nombre, ciudad, fundacion) VALUES (23, 'LightGray FC', 'New Rita', '1975-08-14');
INSERT INTO equipo (id, nombre, ciudad, fundacion) VALUES (24, 'Tan FC', 'East Nathaniel', '1966-04-21');
INSERT INTO equipo (id, nombre, ciudad, fundacion) VALUES (25, 'Yellow FC', 'New Mariotown', '1962-12-03');
INSERT INTO equipo (id, nombre, ciudad, fundacion) VALUES (26, 'MistyRose FC', 'Johnbury', '1993-12-01');
INSERT INTO equipo (id, nombre, ciudad, fundacion) VALUES (27, 'Cyan FC', 'Lake Toddland', '1991-07-24');
INSERT INTO equipo (id, nombre, ciudad, fundacion) VALUES (28, 'DarkSalmon FC', 'Lake Thomas', '1992-09-21');
INSERT INTO equipo (id, nombre, ciudad, fundacion) VALUES (29, 'FireBrick FC', 'Allisonchester', '1969-09-21');
INSERT INTO equipo (id, nombre, ciudad, fundacion) VALUES (30, 'Yellow FC', 'Lake Larry', '1980-09-20');
INSERT INTO equipo (id, nombre, ciudad, fundacion) VALUES (31, 'Purple FC', 'Martinezbury', '1959-09-01');
INSERT INTO equipo (id, nombre, ciudad, fundacion) VALUES (32, 'MediumSlateBlue FC', 'New Angelashire', '1970-04-18');
INSERT INTO equipo (id, nombre, ciudad, fundacion) VALUES (33, 'AntiqueWhite FC', 'Lake Crystalbury', '1959-11-24');
INSERT INTO equipo (id, nombre, ciudad, fundacion) VALUES (34, 'BlanchedAlmond FC', 'Chadbury', '1974-04-05');
INSERT INTO equipo (id, nombre, ciudad, fundacion) VALUES (35, 'SlateBlue FC', 'New David', '1994-03-03');
INSERT INTO equipo (id, nombre, ciudad, fundacion) VALUES (36, 'Sienna FC', 'Port Thomas', '1983-01-04');
INSERT INTO equipo (id, nombre, ciudad, fundacion) VALUES (37, 'Gold FC', 'North Donnastad', '1984-02-19');
INSERT INTO equipo (id, nombre, ciudad, fundacion) VALUES (38, 'PaleVioletRed FC', 'Shieldston', '1962-01-03');
INSERT INTO equipo (id, nombre, ciudad, fundacion) VALUES (39, 'Chocolate FC', 'Chandlerville', '1972-03-25');
INSERT INTO equipo (id, nombre, ciudad, fundacion) VALUES (40, 'GoldenRod FC', 'New Shane', '1984-01-07');
INSERT INTO equipo (id, nombre, ciudad, fundacion) VALUES (41, 'Gainsboro FC', 'Stevenland', '1985-06-19');
INSERT INTO equipo (id, nombre, ciudad, fundacion) VALUES (42, 'DarkGreen FC', 'Lake Yvettetown', '1961-08-28');
INSERT INTO equipo (id, nombre, ciudad, fundacion) VALUES (43, 'LavenderBlush FC', 'South Todd', '1969-11-08');
INSERT INTO equipo (id, nombre, ciudad, fundacion) VALUES (44, 'PaleGoldenRod FC', 'East Nicholasfurt', '1973-05-10');
INSERT INTO equipo (id, nombre, ciudad, fundacion) VALUES (45, 'SaddleBrown FC', 'Rodneyside', '1988-06-05');
INSERT INTO equipo (id, nombre, ciudad, fundacion) VALUES (46, 'DeepSkyBlue FC', 'West Jeff', '1959-04-16');
INSERT INTO equipo (id, nombre, ciudad, fundacion) VALUES (47, 'Yellow FC', 'Lake Leeton', '1995-01-23');
INSERT INTO equipo (id, nombre, ciudad, fundacion) VALUES (48, 'Silver FC', 'North Susan', '1960-10-05');
INSERT INTO equipo (id, nombre, ciudad, fundacion) VALUES (49, 'GhostWhite FC', 'New Carlosbury', '1982-10-14');
INSERT INTO equipo (id, nombre, ciudad, fundacion) VALUES (50, 'DarkOrchid FC', 'New Brooke', '1960-11-20');
INSERT INTO equipo (id, nombre, ciudad, fundacion) VALUES (51, 'PeachPuff FC', 'Sarahborough', '1976-09-09');
INSERT INTO equipo (id, nombre, ciudad, fundacion) VALUES (52, 'LawnGreen FC', 'Randyport', '1986-06-04');
INSERT INTO equipo (id, nombre, ciudad, fundacion) VALUES (53, 'Maroon FC', 'North Stephenshire', '1962-02-11');
INSERT INTO equipo (id, nombre, ciudad, fundacion) VALUES (54, 'Cornsilk FC', 'New Joseph', '1979-01-22');
INSERT INTO equipo (id, nombre, ciudad, fundacion) VALUES (55, 'CornflowerBlue FC', 'West Justin', '1985-02-16');
INSERT INTO equipo (id, nombre, ciudad, fundacion) VALUES (56, 'YellowGreen FC', 'Cherylhaven', '1955-11-04');
INSERT INTO equipo (id, nombre, ciudad, fundacion) VALUES (57, 'Lime FC', 'East Josephville', '1992-12-15');
INSERT INTO equipo (id, nombre, ciudad, fundacion) VALUES (58, 'DeepSkyBlue FC', 'Juanborough', '1978-08-23');
INSERT INTO equipo (id, nombre, ciudad, fundacion) VALUES (59, 'GreenYellow FC', 'Williamview', '1958-10-07');
INSERT INTO equipo (id, nombre, ciudad, fundacion) VALUES (60, 'DarkGoldenRod FC', 'Calderonton', '1955-07-21');
INSERT INTO equipo (id, nombre, ciudad, fundacion) VALUES (61, 'MediumSeaGreen FC', 'Lake Tina', '1966-04-22');
INSERT INTO equipo (id, nombre, ciudad, fundacion) VALUES (62, 'Red FC', 'Hoffmanville', '1960-06-06');
INSERT INTO equipo (id, nombre, ciudad, fundacion) VALUES (63, 'DeepPink FC', 'Port Mikeside', '1965-05-21');
INSERT INTO equipo (id, nombre, ciudad, fundacion) VALUES (64, 'Plum FC', 'North Kyle', '1958-01-09');
INSERT INTO equipo (id, nombre, ciudad, fundacion) VALUES (65, 'MintCream FC', 'Lake John', '1962-04-21');
INSERT INTO equipo (id, nombre, ciudad, fundacion) VALUES (66, 'MidnightBlue FC', 'Dicksonberg', '1971-06-03');
INSERT INTO equipo (id, nombre, ciudad, fundacion) VALUES (67, 'DodgerBlue FC', 'South Angel', '1977-11-30');
INSERT INTO equipo (id, nombre, ciudad, fundacion) VALUES (68, 'PaleVioletRed FC', 'West Erik', '1962-08-31');
INSERT INTO equipo (id, nombre, ciudad, fundacion) VALUES (69, 'Olive FC', 'Port Thomasborough', '1986-08-19');
INSERT INTO equipo (id, nombre, ciudad, fundacion) VALUES (70, 'MediumVioletRed FC', 'Loribury', '1970-06-24');
INSERT INTO equipo (id, nombre, ciudad, fundacion) VALUES (71, 'Bisque FC', 'South Mark', '1960-01-13');
INSERT INTO equipo (id, nombre, ciudad, fundacion) VALUES (72, 'LightSeaGreen FC', 'Darlenefurt', '1991-10-19');
INSERT INTO equipo (id, nombre, ciudad, fundacion) VALUES (73, 'MediumPurple FC', 'North Natalieview', '1967-06-18');
INSERT INTO equipo (id, nombre, ciudad, fundacion) VALUES (74, 'LightGray FC', 'North Candacestad', '1976-08-27');
INSERT INTO equipo (id, nombre, ciudad, fundacion) VALUES (75, 'PowderBlue FC', 'South Rachelborough', '1972-08-23');
INSERT INTO equipo (id, nombre, ciudad, fundacion) VALUES (76, 'Brown FC', 'Smithside', '1968-09-19');
INSERT INTO equipo (id, nombre, ciudad, fundacion) VALUES (77, 'Moccasin FC', 'Jonesmouth', '1976-09-02');
INSERT INTO equipo (id, nombre, ciudad, fundacion) VALUES (78, 'DarkRed FC', 'Williamchester', '1977-07-04');
INSERT INTO equipo (id, nombre, ciudad, fundacion) VALUES (79, 'PaleGreen FC', 'Angelaborough', '1983-12-03');
INSERT INTO equipo (id, nombre, ciudad, fundacion) VALUES (80, 'Olive FC', 'New Ashley', '1982-12-11');
INSERT INTO equipo (id, nombre, ciudad, fundacion) VALUES (81, 'AliceBlue FC', 'Justinchester', '1994-10-11');
INSERT INTO equipo (id, nombre, ciudad, fundacion) VALUES (82, 'MediumBlue FC', 'Ramosborough', '1990-02-04');
INSERT INTO equipo (id, nombre, ciudad, fundacion) VALUES (83, 'Sienna FC', 'Lake Christopher', '1990-05-21');
INSERT INTO equipo (id, nombre, ciudad, fundacion) VALUES (84, 'MediumSeaGreen FC', 'Port Stephaniebury', '1976-06-07');
INSERT INTO equipo (id, nombre, ciudad, fundacion) VALUES (85, 'Ivory FC', 'East Andrew', '1971-12-21');
INSERT INTO equipo (id, nombre, ciudad, fundacion) VALUES (86, 'Sienna FC', 'South Robertshire', '1968-07-16');
INSERT INTO equipo (id, nombre, ciudad, fundacion) VALUES (87, 'OliveDrab FC', 'Rossberg', '1955-09-08');
INSERT INTO equipo (id, nombre, ciudad, fundacion) VALUES (88, 'DarkMagenta FC', 'Robinsonhaven', '1986-12-03');
INSERT INTO equipo (id, nombre, ciudad, fundacion) VALUES (89, 'BurlyWood FC', 'Port David', '1964-05-20');
INSERT INTO equipo (id, nombre, ciudad, fundacion) VALUES (90, 'SandyBrown FC', 'Stephaniemouth', '1989-08-29');
INSERT INTO equipo (id, nombre, ciudad, fundacion) VALUES (91, 'Pink FC', 'Merrittfort', '1985-12-08');
INSERT INTO equipo (id, nombre, ciudad, fundacion) VALUES (92, 'LightGoldenRodYellow FC', 'Port Dana', '1990-10-13');
INSERT INTO equipo (id, nombre, ciudad, fundacion) VALUES (93, 'SlateBlue FC', 'West Scott', '1974-10-02');
INSERT INTO equipo (id, nombre, ciudad, fundacion) VALUES (94, 'LavenderBlush FC', 'Matthewside', '1960-10-16');
INSERT INTO equipo (id, nombre, ciudad, fundacion) VALUES (95, 'DarkSlateGray FC', 'East Patrick', '1965-09-15');
INSERT INTO equipo (id, nombre, ciudad, fundacion) VALUES (96, 'HotPink FC', 'South Rickside', '1987-01-06');
INSERT INTO equipo (id, nombre, ciudad, fundacion) VALUES (97, 'PapayaWhip FC', 'East Marissafurt', '1995-01-21');
INSERT INTO equipo (id, nombre, ciudad, fundacion) VALUES (98, 'Beige FC', 'Woodsstad', '1975-08-19');
INSERT INTO equipo (id, nombre, ciudad, fundacion) VALUES (99, 'Orange FC', 'Medinaside', '1970-04-26');
INSERT INTO equipo (id, nombre, ciudad, fundacion) VALUES (100, 'SlateBlue FC', 'West Ryan', '1957-04-14');
INSERT INTO jugador (id, nombre, posicion, dorsal, fecha_na, nacionalidad, id_equipo) VALUES (1, 'Michael Yates', 'Mediocampista', 19, '1990-12-04', 'Tajikistan', 4);
INSERT INTO jugador (id, nombre, posicion, dorsal, fecha_na, nacionalidad, id_equipo) VALUES (2, 'Cameron Dean', 'Defensa', 27, '1986-03-24', 'United States of America', 25);
INSERT INTO jugador (id, nombre, posicion, dorsal, fecha_na, nacionalidad, id_equipo) VALUES (3, 'Justin Johnson', 'Delantero', 14, '2007-03-06', 'Japan', 95);
INSERT INTO jugador (id, nombre, posicion, dorsal, fecha_na, nacionalidad, id_equipo) VALUES (4, 'Joel Williams', 'Delantero', 9, '1998-03-17', 'Greece', 3);
INSERT INTO jugador (id, nombre, posicion, dorsal, fecha_na, nacionalidad, id_equipo) VALUES (5, 'Gabriel Juarez', 'Mediocampista', 8, '1998-03-17', 'Fiji', 71);
INSERT INTO jugador (id, nombre, posicion, dorsal, fecha_na, nacionalidad, id_equipo) VALUES (6, 'Sandra King', 'Defensa', 3, '1988-02-04', 'Latvia', 45);
INSERT INTO jugador (id, nombre, posicion, dorsal, fecha_na, nacionalidad, id_equipo) VALUES (7, 'Joshua Cooke', 'Defensa', 29, '1997-03-20', 'Czech Republic', 78);
INSERT INTO jugador (id, nombre, posicion, dorsal, fecha_na, nacionalidad, id_equipo) VALUES (8, 'Rachael Pearson', 'Portero', 28, '1986-05-13', 'Zambia', 74);
INSERT INTO jugador (id, nombre, posicion, dorsal, fecha_na, nacionalidad, id_equipo) VALUES (9, 'Ryan Howell', 'Portero', 3, '1993-06-04', 'Brunei Darussalam', 40);
INSERT INTO jugador (id, nombre, posicion, dorsal, fecha_na, nacionalidad, id_equipo) VALUES (10, 'Brian Gould', 'Defensa', 24, '2001-02-17', 'Reunion', 60);
INSERT INTO jugador (id, nombre, posicion, dorsal, fecha_na, nacionalidad, id_equipo) VALUES (11, 'Jacob Obrien', 'Defensa', 23, '1989-03-16', 'Slovakia (Slovak Republic)', 60);
INSERT INTO jugador (id, nombre, posicion, dorsal, fecha_na, nacionalidad, id_equipo) VALUES (12, 'Traci Rodriguez', 'Portero', 7, '1986-03-08', 'Vanuatu', 67);
INSERT INTO jugador (id, nombre, posicion, dorsal, fecha_na, nacionalidad, id_equipo) VALUES (13, 'Michael Rubio', 'Portero', 16, '1998-10-21', 'Western Sahara', 85);
INSERT INTO jugador (id, nombre, posicion, dorsal, fecha_na, nacionalidad, id_equipo) VALUES (14, 'Angela Vaughn', 'Portero', 2, '2006-08-26', 'Ecuador', 33);
INSERT INTO jugador (id, nombre, posicion, dorsal, fecha_na, nacionalidad, id_equipo) VALUES (15, 'Raymond Jefferson', 'Defensa', 7, '2005-09-26', 'Sri Lanka', 78);
INSERT INTO jugador (id, nombre, posicion, dorsal, fecha_na, nacionalidad, id_equipo) VALUES (16, 'William Patton', 'Mediocampista', 5, '1997-02-13', 'Marshall Islands', 44);
INSERT INTO jugador (id, nombre, posicion, dorsal, fecha_na, nacionalidad, id_equipo) VALUES (17, 'Jacob Hunter', 'Delantero', 10, '1996-12-01', 'American Samoa', 87);
INSERT INTO jugador (id, nombre, posicion, dorsal, fecha_na, nacionalidad, id_equipo) VALUES (18, 'Samantha Garcia', 'Mediocampista', 1, '1997-08-19', 'Norfolk Island', 5);
INSERT INTO jugador (id, nombre, posicion, dorsal, fecha_na, nacionalidad, id_equipo) VALUES (19, 'Julia Hernandez', 'Defensa', 6, '1991-04-20', 'Saint Martin', 60);
INSERT INTO jugador (id, nombre, posicion, dorsal, fecha_na, nacionalidad, id_equipo) VALUES (20, 'Marie Gilbert', 'Mediocampista', 18, '2003-08-15', 'Singapore', 47);
INSERT INTO jugador (id, nombre, posicion, dorsal, fecha_na, nacionalidad, id_equipo) VALUES (21, 'Mr. Nicholas Adams', 'Defensa', 10, '1993-08-29', 'Switzerland', 86);
INSERT INTO jugador (id, nombre, posicion, dorsal, fecha_na, nacionalidad, id_equipo) VALUES (22, 'Diana Hayes', 'Defensa', 27, '2001-02-13', 'Mongolia', 79);
INSERT INTO jugador (id, nombre, posicion, dorsal, fecha_na, nacionalidad, id_equipo) VALUES (23, 'Jamie Johnson', 'Defensa', 2, '1996-05-14', 'Cocos (Keeling) Islands', 94);
INSERT INTO jugador (id, nombre, posicion, dorsal, fecha_na, nacionalidad, id_equipo) VALUES (24, 'Mr. David Ramirez', 'Delantero', 25, '2005-08-04', 'Reunion', 75);
INSERT INTO jugador (id, nombre, posicion, dorsal, fecha_na, nacionalidad, id_equipo) VALUES (25, 'Kristi Black', 'Delantero', 3, '1991-10-23', 'Belize', 9);
INSERT INTO jugador (id, nombre, posicion, dorsal, fecha_na, nacionalidad, id_equipo) VALUES (26, 'Jason Peters', 'Portero', 5, '1993-06-26', 'Portugal', 7);
INSERT INTO jugador (id, nombre, posicion, dorsal, fecha_na, nacionalidad, id_equipo) VALUES (27, 'Michael West', 'Mediocampista', 20, '1985-11-23', 'Bermuda', 39);
INSERT INTO jugador (id, nombre, posicion, dorsal, fecha_na, nacionalidad, id_equipo) VALUES (28, 'Jared Sanchez', 'Portero', 3, '2005-02-04', 'Heard Island and McDonald Islands', 28);
INSERT INTO jugador (id, nombre, posicion, dorsal, fecha_na, nacionalidad, id_equipo) VALUES (29, 'Joseph Coleman', 'Mediocampista', 21, '2004-01-13', 'Greenland', 29);
INSERT INTO jugador (id, nombre, posicion, dorsal, fecha_na, nacionalidad, id_equipo) VALUES (30, 'Jesse Parker', 'Mediocampista', 15, '1993-02-25', 'British Indian Ocean Territory (Chagos Archipelago)', 21);
INSERT INTO jugador (id, nombre, posicion, dorsal, fecha_na, nacionalidad, id_equipo) VALUES (31, 'Emily Newton', 'Defensa', 12, '1991-08-10', 'Congo', 12);
INSERT INTO jugador (id, nombre, posicion, dorsal, fecha_na, nacionalidad, id_equipo) VALUES (32, 'John Hardy', 'Mediocampista', 11, '2003-02-27', 'Nauru', 20);
INSERT INTO jugador (id, nombre, posicion, dorsal, fecha_na, nacionalidad, id_equipo) VALUES (33, 'Brian Lee', 'Delantero', 4, '1993-01-18', 'Guyana', 51);
INSERT INTO jugador (id, nombre, posicion, dorsal, fecha_na, nacionalidad, id_equipo) VALUES (34, 'Adrian Ferguson', 'Defensa', 25, '1994-08-23', 'Aruba', 58);
INSERT INTO jugador (id, nombre, posicion, dorsal, fecha_na, nacionalidad, id_equipo) VALUES (35, 'Kristen Terry', 'Defensa', 3, '1989-08-09', 'Northern Mariana Islands', 98);
INSERT INTO jugador (id, nombre, posicion, dorsal, fecha_na, nacionalidad, id_equipo) VALUES (36, 'Katherine Salas', 'Defensa', 20, '2004-11-03', 'Finland', 22);
INSERT INTO jugador (id, nombre, posicion, dorsal, fecha_na, nacionalidad, id_equipo) VALUES (37, 'Jeremiah Lopez', 'Portero', 18, '1987-01-21', 'El Salvador', 37);
INSERT INTO jugador (id, nombre, posicion, dorsal, fecha_na, nacionalidad, id_equipo) VALUES (38, 'Karen Short', 'Portero', 3, '1998-12-10', 'Liechtenstein', 92);
INSERT INTO jugador (id, nombre, posicion, dorsal, fecha_na, nacionalidad, id_equipo) VALUES (39, 'Mark Brown', 'Delantero', 4, '1990-05-21', 'Sudan', 29);
INSERT INTO jugador (id, nombre, posicion, dorsal, fecha_na, nacionalidad, id_equipo) VALUES (40, 'Elizabeth Mcknight', 'Defensa', 13, '1989-05-04', 'Micronesia', 25);
INSERT INTO jugador (id, nombre, posicion, dorsal, fecha_na, nacionalidad, id_equipo) VALUES (41, 'Lisa Gibbs', 'Mediocampista', 21, '1992-12-26', 'Singapore', 4);
INSERT INTO jugador (id, nombre, posicion, dorsal, fecha_na, nacionalidad, id_equipo) VALUES (42, 'Joanna Ramos', 'Portero', 8, '2005-05-01', 'Japan', 6);
INSERT INTO jugador (id, nombre, posicion, dorsal, fecha_na, nacionalidad, id_equipo) VALUES (43, 'Marc Lynch', 'Delantero', 16, '1988-09-07', 'Yemen', 42);
INSERT INTO jugador (id, nombre, posicion, dorsal, fecha_na, nacionalidad, id_equipo) VALUES (44, 'Lori Baker', 'Defensa', 26, '1988-01-26', 'Cayman Islands', 54);
INSERT INTO jugador (id, nombre, posicion, dorsal, fecha_na, nacionalidad, id_equipo) VALUES (45, 'Juan Moore', 'Mediocampista', 2, '1999-03-17', 'Korea', 70);
INSERT INTO jugador (id, nombre, posicion, dorsal, fecha_na, nacionalidad, id_equipo) VALUES (46, 'Julie Johnson', 'Delantero', 6, '1995-02-10', 'Romania', 77);
INSERT INTO jugador (id, nombre, posicion, dorsal, fecha_na, nacionalidad, id_equipo) VALUES (47, 'Scott Jones', 'Delantero', 10, '1993-04-01', 'Uzbekistan', 75);
INSERT INTO jugador (id, nombre, posicion, dorsal, fecha_na, nacionalidad, id_equipo) VALUES (48, 'Rick Lawrence', 'Mediocampista', 30, '1992-01-15', 'Jamaica', 85);
INSERT INTO jugador (id, nombre, posicion, dorsal, fecha_na, nacionalidad, id_equipo) VALUES (49, 'Danny Hernandez', 'Delantero', 6, '1994-05-07', 'Sweden', 100);
INSERT INTO jugador (id, nombre, posicion, dorsal, fecha_na, nacionalidad, id_equipo) VALUES (50, 'Anthony Sparks', 'Delantero', 16, '2005-07-21', 'San Marino', 99);
INSERT INTO jugador (id, nombre, posicion, dorsal, fecha_na, nacionalidad, id_equipo) VALUES (51, 'Tammy Gonzales', 'Defensa', 12, '2001-04-03', 'Portugal', 30);
INSERT INTO jugador (id, nombre, posicion, dorsal, fecha_na, nacionalidad, id_equipo) VALUES (52, 'James Nelson', 'Portero', 11, '2003-09-06', 'Lithuania', 85);
INSERT INTO jugador (id, nombre, posicion, dorsal, fecha_na, nacionalidad, id_equipo) VALUES (53, 'Kyle Preston', 'Mediocampista', 17, '1996-04-10', 'Netherlands Antilles', 32);
INSERT INTO jugador (id, nombre, posicion, dorsal, fecha_na, nacionalidad, id_equipo) VALUES (54, 'Brandon Hayden', 'Defensa', 15, '2004-11-17', 'Myanmar', 33);
INSERT INTO jugador (id, nombre, posicion, dorsal, fecha_na, nacionalidad, id_equipo) VALUES (55, 'Yvonne Chambers', 'Delantero', 10, '1994-06-24', 'Montserrat', 18);
INSERT INTO jugador (id, nombre, posicion, dorsal, fecha_na, nacionalidad, id_equipo) VALUES (56, 'Peter Ruiz', 'Portero', 24, '2000-05-09', 'United States Virgin Islands', 79);
INSERT INTO jugador (id, nombre, posicion, dorsal, fecha_na, nacionalidad, id_equipo) VALUES (57, 'Zachary Graham', 'Mediocampista', 6, '2002-01-14', 'Bermuda', 6);
INSERT INTO jugador (id, nombre, posicion, dorsal, fecha_na, nacionalidad, id_equipo) VALUES (58, 'Jason Morris', 'Mediocampista', 17, '1988-11-12', 'Togo', 73);
INSERT INTO jugador (id, nombre, posicion, dorsal, fecha_na, nacionalidad, id_equipo) VALUES (59, 'Jason Simpson', 'Defensa', 12, '1998-12-07', 'Suriname', 76);
INSERT INTO jugador (id, nombre, posicion, dorsal, fecha_na, nacionalidad, id_equipo) VALUES (60, 'Amanda Miller', 'Portero', 23, '1993-11-23', 'Gibraltar', 82);
INSERT INTO jugador (id, nombre, posicion, dorsal, fecha_na, nacionalidad, id_equipo) VALUES (61, 'Raymond Hancock', 'Delantero', 1, '1985-05-07', 'Palestinian Territory', 47);
INSERT INTO jugador (id, nombre, posicion, dorsal, fecha_na, nacionalidad, id_equipo) VALUES (62, 'Julia Brown', 'Defensa', 11, '2002-12-12', 'Guyana', 32);
INSERT INTO jugador (id, nombre, posicion, dorsal, fecha_na, nacionalidad, id_equipo) VALUES (63, 'Kathleen Ramos', 'Portero', 22, '1987-01-24', 'Costa Rica', 11);
INSERT INTO jugador (id, nombre, posicion, dorsal, fecha_na, nacionalidad, id_equipo) VALUES (64, 'Carlos Roberts', 'Delantero', 18, '2001-10-19', 'British Virgin Islands', 85);
INSERT INTO jugador (id, nombre, posicion, dorsal, fecha_na, nacionalidad, id_equipo) VALUES (65, 'Mark Lloyd', 'Portero', 7, '1990-09-12', 'Georgia', 59);
INSERT INTO jugador (id, nombre, posicion, dorsal, fecha_na, nacionalidad, id_equipo) VALUES (66, 'Kristen Davis', 'Mediocampista', 28, '1989-03-03', 'Kyrgyz Republic', 22);
INSERT INTO jugador (id, nombre, posicion, dorsal, fecha_na, nacionalidad, id_equipo) VALUES (67, 'Maria Moore', 'Delantero', 28, '1995-03-29', 'Madagascar', 37);
INSERT INTO jugador (id, nombre, posicion, dorsal, fecha_na, nacionalidad, id_equipo) VALUES (68, 'Jennifer Olson', 'Delantero', 28, '2001-05-17', 'Ecuador', 12);
INSERT INTO jugador (id, nombre, posicion, dorsal, fecha_na, nacionalidad, id_equipo) VALUES (69, 'Charles Lee', 'Portero', 13, '2005-09-13', 'Madagascar', 13);
INSERT INTO jugador (id, nombre, posicion, dorsal, fecha_na, nacionalidad, id_equipo) VALUES (70, 'Breanna Jones', 'Defensa', 7, '1999-06-05', 'Guam', 51);
INSERT INTO jugador (id, nombre, posicion, dorsal, fecha_na, nacionalidad, id_equipo) VALUES (71, 'Katie Hoover', 'Portero', 2, '1994-12-07', 'Saint Kitts and Nevis', 35);
INSERT INTO jugador (id, nombre, posicion, dorsal, fecha_na, nacionalidad, id_equipo) VALUES (72, 'Kevin Duarte', 'Delantero', 11, '2001-12-20', 'Tonga', 40);
INSERT INTO jugador (id, nombre, posicion, dorsal, fecha_na, nacionalidad, id_equipo) VALUES (73, 'Joshua Reed', 'Portero', 1, '2004-02-01', 'Serbia', 29);
INSERT INTO jugador (id, nombre, posicion, dorsal, fecha_na, nacionalidad, id_equipo) VALUES (74, 'Jordan Morris', 'Portero', 17, '1991-09-23', 'Qatar', 20);
INSERT INTO jugador (id, nombre, posicion, dorsal, fecha_na, nacionalidad, id_equipo) VALUES (75, 'James Chase', 'Portero', 23, '1999-04-14', 'Aruba', 79);
INSERT INTO jugador (id, nombre, posicion, dorsal, fecha_na, nacionalidad, id_equipo) VALUES (76, 'John Mcintyre', 'Portero', 1, '1998-04-12', 'Hungary', 44);
INSERT INTO jugador (id, nombre, posicion, dorsal, fecha_na, nacionalidad, id_equipo) VALUES (77, 'Rebecca Pearson MD', 'Defensa', 26, '1986-07-27', 'Brunei Darussalam', 48);
INSERT INTO jugador (id, nombre, posicion, dorsal, fecha_na, nacionalidad, id_equipo) VALUES (78, 'Leslie Kane', 'Mediocampista', 9, '2000-04-15', 'Bolivia', 91);
INSERT INTO jugador (id, nombre, posicion, dorsal, fecha_na, nacionalidad, id_equipo) VALUES (79, 'Joyce Bowen', 'Mediocampista', 11, '1999-04-05', 'Trinidad and Tobago', 55);
INSERT INTO jugador (id, nombre, posicion, dorsal, fecha_na, nacionalidad, id_equipo) VALUES (80, 'Brittany Harrison', 'Portero', 2, '1994-04-29', 'Guadeloupe', 49);
INSERT INTO jugador (id, nombre, posicion, dorsal, fecha_na, nacionalidad, id_equipo) VALUES (81, 'Jennifer Miller', 'Mediocampista', 9, '1996-06-27', 'Timor-Leste', 29);
INSERT INTO jugador (id, nombre, posicion, dorsal, fecha_na, nacionalidad, id_equipo) VALUES (82, 'Kimberly Finley', 'Defensa', 27, '2006-08-20', 'Saint Barthelemy', 9);
INSERT INTO jugador (id, nombre, posicion, dorsal, fecha_na, nacionalidad, id_equipo) VALUES (83, 'Katherine Weaver', 'Mediocampista', 22, '2006-04-26', 'Bangladesh', 56);
INSERT INTO jugador (id, nombre, posicion, dorsal, fecha_na, nacionalidad, id_equipo) VALUES (84, 'Michael Mitchell', 'Defensa', 16, '1993-01-18', 'San Marino', 9);
INSERT INTO jugador (id, nombre, posicion, dorsal, fecha_na, nacionalidad, id_equipo) VALUES (85, 'William Hodges', 'Portero', 24, '1988-09-23', 'Kenya', 2);
INSERT INTO jugador (id, nombre, posicion, dorsal, fecha_na, nacionalidad, id_equipo) VALUES (86, 'Elijah Johnson', 'Delantero', 11, '1996-05-06', 'South Africa', 73);
INSERT INTO jugador (id, nombre, posicion, dorsal, fecha_na, nacionalidad, id_equipo) VALUES (87, 'Ian Jordan', 'Portero', 19, '1993-08-13', 'Malta', 100);
INSERT INTO jugador (id, nombre, posicion, dorsal, fecha_na, nacionalidad, id_equipo) VALUES (88, 'Michael White', 'Defensa', 11, '1991-04-07', 'Belgium', 16);
INSERT INTO jugador (id, nombre, posicion, dorsal, fecha_na, nacionalidad, id_equipo) VALUES (89, 'Janet Vega', 'Portero', 9, '2002-03-29', 'United States Minor Outlying Islands', 89);
INSERT INTO jugador (id, nombre, posicion, dorsal, fecha_na, nacionalidad, id_equipo) VALUES (90, 'Crystal Little', 'Delantero', 19, '2000-12-11', 'Equatorial Guinea', 2);
INSERT INTO jugador (id, nombre, posicion, dorsal, fecha_na, nacionalidad, id_equipo) VALUES (91, 'Stephanie Marshall', 'Delantero', 9, '1995-02-04', 'Philippines', 10);
INSERT INTO jugador (id, nombre, posicion, dorsal, fecha_na, nacionalidad, id_equipo) VALUES (92, 'Angela Landry', 'Mediocampista', 25, '2005-04-20', 'French Southern Territories', 29);
INSERT INTO jugador (id, nombre, posicion, dorsal, fecha_na, nacionalidad, id_equipo) VALUES (93, 'Jessica Wright', 'Mediocampista', 22, '1995-08-03', 'Congo', 11);
INSERT INTO jugador (id, nombre, posicion, dorsal, fecha_na, nacionalidad, id_equipo) VALUES (94, 'Dr. Ashley James MD', 'Defensa', 24, '1995-05-17', 'Reunion', 28);
INSERT INTO jugador (id, nombre, posicion, dorsal, fecha_na, nacionalidad, id_equipo) VALUES (95, 'William Barrett', 'Defensa', 29, '1994-08-25', 'Algeria', 12);
INSERT INTO jugador (id, nombre, posicion, dorsal, fecha_na, nacionalidad, id_equipo) VALUES (96, 'Melissa Garner', 'Defensa', 17, '1986-12-23', 'United States Minor Outlying Islands', 15);
INSERT INTO jugador (id, nombre, posicion, dorsal, fecha_na, nacionalidad, id_equipo) VALUES (97, 'Kathleen Strong', 'Portero', 5, '1995-01-17', 'Singapore', 19);
INSERT INTO jugador (id, nombre, posicion, dorsal, fecha_na, nacionalidad, id_equipo) VALUES (98, 'Lisa Gomez', 'Delantero', 22, '2006-12-20', 'Comoros', 3);
INSERT INTO jugador (id, nombre, posicion, dorsal, fecha_na, nacionalidad, id_equipo) VALUES (99, 'Megan Le', 'Portero', 24, '1989-12-17', 'Nigeria', 4);
INSERT INTO jugador (id, nombre, posicion, dorsal, fecha_na, nacionalidad, id_equipo) VALUES (100, 'Mark Williams', 'Defensa', 28, '2000-04-22', 'Antigua and Barbuda', 7);
INSERT INTO entrenador (id, nombre, especialidad, id_equipo) VALUES (1, 'Morgan Davis', 'Ofensiva', 33);
INSERT INTO entrenador (id, nombre, especialidad, id_equipo) VALUES (2, 'Paul Thompson', 'Táctica', 91);
INSERT INTO entrenador (id, nombre, especialidad, id_equipo) VALUES (3, 'Joshua Mata', 'Defensiva', 78);
INSERT INTO entrenador (id, nombre, especialidad, id_equipo) VALUES (4, 'Susan Rivas', 'Defensiva', 33);
INSERT INTO entrenador (id, nombre, especialidad, id_equipo) VALUES (5, 'Roger Olson', 'Defensiva', 8);
INSERT INTO entrenador (id, nombre, especialidad, id_equipo) VALUES (6, 'Nicole Morgan', 'Física', 4);
INSERT INTO entrenador (id, nombre, especialidad, id_equipo) VALUES (7, 'Victor Taylor', 'Táctica', 32);
INSERT INTO entrenador (id, nombre, especialidad, id_equipo) VALUES (8, 'Shannon Ramsey', 'Física', 80);
INSERT INTO entrenador (id, nombre, especialidad, id_equipo) VALUES (9, 'Tracy Ballard', 'Física', 28);
INSERT INTO entrenador (id, nombre, especialidad, id_equipo) VALUES (10, 'Richard Smith', 'Física', 34);
INSERT INTO entrenador (id, nombre, especialidad, id_equipo) VALUES (11, 'Jordan Chambers', 'Ofensiva', 59);
INSERT INTO entrenador (id, nombre, especialidad, id_equipo) VALUES (12, 'Lauren Carson', 'Ofensiva', 4);
INSERT INTO entrenador (id, nombre, especialidad, id_equipo) VALUES (13, 'Ashley Hall', 'Defensiva', 71);
INSERT INTO entrenador (id, nombre, especialidad, id_equipo) VALUES (14, 'Stephen Hoffman', 'Ofensiva', 81);
INSERT INTO entrenador (id, nombre, especialidad, id_equipo) VALUES (15, 'Connie Brown', 'Ofensiva', 45);
INSERT INTO entrenador (id, nombre, especialidad, id_equipo) VALUES (16, 'Susan Turner', 'Defensiva', 34);
INSERT INTO entrenador (id, nombre, especialidad, id_equipo) VALUES (17, 'Charles Shah', 'Táctica', 32);
INSERT INTO entrenador (id, nombre, especialidad, id_equipo) VALUES (18, 'Johnathan Davis', 'Táctica', 93);
INSERT INTO entrenador (id, nombre, especialidad, id_equipo) VALUES (19, 'Brandy Chavez', 'Física', 55);
INSERT INTO entrenador (id, nombre, especialidad, id_equipo) VALUES (20, 'Natalie Bautista', 'Táctica', 2);
INSERT INTO entrenador (id, nombre, especialidad, id_equipo) VALUES (21, 'Patrick Moore', 'Ofensiva', 9);
INSERT INTO entrenador (id, nombre, especialidad, id_equipo) VALUES (22, 'Brett Burns', 'Física', 94);
INSERT INTO entrenador (id, nombre, especialidad, id_equipo) VALUES (23, 'Trevor Johnson', 'Táctica', 11);
INSERT INTO entrenador (id, nombre, especialidad, id_equipo) VALUES (24, 'Jeremy Sampson', 'Defensiva', 56);
INSERT INTO entrenador (id, nombre, especialidad, id_equipo) VALUES (25, 'Ariana Jennings', 'Defensiva', 67);
INSERT INTO entrenador (id, nombre, especialidad, id_equipo) VALUES (26, 'Vanessa Howard', 'Defensiva', 15);
INSERT INTO entrenador (id, nombre, especialidad, id_equipo) VALUES (27, 'Colton Martinez', 'Defensiva', 32);
INSERT INTO entrenador (id, nombre, especialidad, id_equipo) VALUES (28, 'Jordan Bates', 'Defensiva', 57);
INSERT INTO entrenador (id, nombre, especialidad, id_equipo) VALUES (29, 'Linda Smith', 'Física', 88);
INSERT INTO entrenador (id, nombre, especialidad, id_equipo) VALUES (30, 'Dana Martinez', 'Ofensiva', 97);
INSERT INTO entrenador (id, nombre, especialidad, id_equipo) VALUES (31, 'Andrea Hubbard', 'Ofensiva', 50);
INSERT INTO entrenador (id, nombre, especialidad, id_equipo) VALUES (32, 'Daniel Kane', 'Física', 13);
INSERT INTO entrenador (id, nombre, especialidad, id_equipo) VALUES (33, 'Charles Lester', 'Ofensiva', 87);
INSERT INTO entrenador (id, nombre, especialidad, id_equipo) VALUES (34, 'Scott Thomas', 'Física', 1);
INSERT INTO entrenador (id, nombre, especialidad, id_equipo) VALUES (35, 'David Thompson', 'Defensiva', 67);
INSERT INTO entrenador (id, nombre, especialidad, id_equipo) VALUES (36, 'Allison Smith', 'Física', 12);
INSERT INTO entrenador (id, nombre, especialidad, id_equipo) VALUES (37, 'Cynthia Morris', 'Ofensiva', 44);
INSERT INTO entrenador (id, nombre, especialidad, id_equipo) VALUES (38, 'Anthony Harmon', 'Física', 96);
INSERT INTO entrenador (id, nombre, especialidad, id_equipo) VALUES (39, 'Nichole Alvarez', 'Ofensiva', 71);
INSERT INTO entrenador (id, nombre, especialidad, id_equipo) VALUES (40, 'Kayla Rodriguez', 'Táctica', 32);
INSERT INTO entrenador (id, nombre, especialidad, id_equipo) VALUES (41, 'Theresa Williams', 'Defensiva', 59);
INSERT INTO entrenador (id, nombre, especialidad, id_equipo) VALUES (42, 'Sharon Boyd', 'Física', 44);
INSERT INTO entrenador (id, nombre, especialidad, id_equipo) VALUES (43, 'Victor Brown', 'Táctica', 90);
INSERT INTO entrenador (id, nombre, especialidad, id_equipo) VALUES (44, 'James Parks', 'Física', 57);
INSERT INTO entrenador (id, nombre, especialidad, id_equipo) VALUES (45, 'Theodore Jones Jr.', 'Defensiva', 53);
INSERT INTO entrenador (id, nombre, especialidad, id_equipo) VALUES (46, 'Ana Hill', 'Táctica', 8);
INSERT INTO entrenador (id, nombre, especialidad, id_equipo) VALUES (47, 'Kimberly Nguyen', 'Táctica', 25);
INSERT INTO entrenador (id, nombre, especialidad, id_equipo) VALUES (48, 'Kerry Chavez DDS', 'Defensiva', 30);
INSERT INTO entrenador (id, nombre, especialidad, id_equipo) VALUES (49, 'Michael Farrell', 'Defensiva', 73);
INSERT INTO entrenador (id, nombre, especialidad, id_equipo) VALUES (50, 'Patricia Le', 'Física', 59);
INSERT INTO entrenador (id, nombre, especialidad, id_equipo) VALUES (51, 'Jesse Perez', 'Ofensiva', 50);
INSERT INTO entrenador (id, nombre, especialidad, id_equipo) VALUES (52, 'Jesse Perry', 'Táctica', 100);
INSERT INTO entrenador (id, nombre, especialidad, id_equipo) VALUES (53, 'Jeffery Ortega', 'Física', 86);
INSERT INTO entrenador (id, nombre, especialidad, id_equipo) VALUES (54, 'Christian Leblanc', 'Física', 89);
INSERT INTO entrenador (id, nombre, especialidad, id_equipo) VALUES (55, 'Ronald Davis', 'Táctica', 70);
INSERT INTO entrenador (id, nombre, especialidad, id_equipo) VALUES (56, 'Parker Cain', 'Táctica', 64);
INSERT INTO entrenador (id, nombre, especialidad, id_equipo) VALUES (57, 'Laurie Hoffman', 'Física', 75);
INSERT INTO entrenador (id, nombre, especialidad, id_equipo) VALUES (58, 'Bryan Gomez', 'Ofensiva', 30);
INSERT INTO entrenador (id, nombre, especialidad, id_equipo) VALUES (59, 'Nicole Parrish', 'Ofensiva', 64);
INSERT INTO entrenador (id, nombre, especialidad, id_equipo) VALUES (60, 'Tracy Burke', 'Táctica', 35);
INSERT INTO entrenador (id, nombre, especialidad, id_equipo) VALUES (61, 'Kenneth Lewis', 'Física', 63);
INSERT INTO entrenador (id, nombre, especialidad, id_equipo) VALUES (62, 'Courtney Rodriguez', 'Táctica', 48);
INSERT INTO entrenador (id, nombre, especialidad, id_equipo) VALUES (63, 'Holly Farmer', 'Defensiva', 26);
INSERT INTO entrenador (id, nombre, especialidad, id_equipo) VALUES (64, 'Renee Bruce', 'Física', 86);
INSERT INTO entrenador (id, nombre, especialidad, id_equipo) VALUES (65, 'Sabrina Austin', 'Táctica', 9);
INSERT INTO entrenador (id, nombre, especialidad, id_equipo) VALUES (66, 'Allison Hickman', 'Defensiva', 44);
INSERT INTO entrenador (id, nombre, especialidad, id_equipo) VALUES (67, 'Debra White', 'Física', 73);
INSERT INTO entrenador (id, nombre, especialidad, id_equipo) VALUES (68, 'Ellen Morgan', 'Táctica', 35);
INSERT INTO entrenador (id, nombre, especialidad, id_equipo) VALUES (69, 'Sergio Knight', 'Ofensiva', 100);
INSERT INTO entrenador (id, nombre, especialidad, id_equipo) VALUES (70, 'Charles Schultz', 'Ofensiva', 24);
INSERT INTO entrenador (id, nombre, especialidad, id_equipo) VALUES (71, 'Paul Lewis', 'Defensiva', 67);
INSERT INTO entrenador (id, nombre, especialidad, id_equipo) VALUES (72, 'Glen Wood', 'Defensiva', 16);
INSERT INTO entrenador (id, nombre, especialidad, id_equipo) VALUES (73, 'Paula Bradley', 'Defensiva', 9);
INSERT INTO entrenador (id, nombre, especialidad, id_equipo) VALUES (74, 'Anthony Moore', 'Defensiva', 7);
INSERT INTO entrenador (id, nombre, especialidad, id_equipo) VALUES (75, 'Megan Nelson', 'Táctica', 58);
INSERT INTO entrenador (id, nombre, especialidad, id_equipo) VALUES (76, 'Karla Ramos', 'Defensiva', 86);
INSERT INTO entrenador (id, nombre, especialidad, id_equipo) VALUES (77, 'Paul Wilson', 'Física', 26);
INSERT INTO entrenador (id, nombre, especialidad, id_equipo) VALUES (78, 'Douglas Gregory', 'Táctica', 10);
INSERT INTO entrenador (id, nombre, especialidad, id_equipo) VALUES (79, 'Mr. Andrew Foster', 'Defensiva', 48);
INSERT INTO entrenador (id, nombre, especialidad, id_equipo) VALUES (80, 'Aimee Turner', 'Táctica', 59);
INSERT INTO entrenador (id, nombre, especialidad, id_equipo) VALUES (81, 'Chad Scott', 'Táctica', 56);
INSERT INTO entrenador (id, nombre, especialidad, id_equipo) VALUES (82, 'Adam Burgess', 'Física', 31);
INSERT INTO entrenador (id, nombre, especialidad, id_equipo) VALUES (83, 'James Padilla', 'Ofensiva', 33);
INSERT INTO entrenador (id, nombre, especialidad, id_equipo) VALUES (84, 'Sandra Drake', 'Táctica', 75);
INSERT INTO entrenador (id, nombre, especialidad, id_equipo) VALUES (85, 'Scott Williams', 'Táctica', 42);
INSERT INTO entrenador (id, nombre, especialidad, id_equipo) VALUES (86, 'Thomas Atkins', 'Defensiva', 87);
INSERT INTO entrenador (id, nombre, especialidad, id_equipo) VALUES (87, 'Laura Mckinney', 'Física', 80);
INSERT INTO entrenador (id, nombre, especialidad, id_equipo) VALUES (88, 'Brian Smith', 'Táctica', 31);
INSERT INTO entrenador (id, nombre, especialidad, id_equipo) VALUES (89, 'Robert Montgomery', 'Ofensiva', 39);
INSERT INTO entrenador (id, nombre, especialidad, id_equipo) VALUES (90, 'Tamara Davis', 'Defensiva', 44);
INSERT INTO entrenador (id, nombre, especialidad, id_equipo) VALUES (91, 'Dana Chapman', 'Ofensiva', 39);
INSERT INTO entrenador (id, nombre, especialidad, id_equipo) VALUES (92, 'Jennifer Collins', 'Defensiva', 29);
INSERT INTO entrenador (id, nombre, especialidad, id_equipo) VALUES (93, 'Gary Jackson', 'Táctica', 40);
INSERT INTO entrenador (id, nombre, especialidad, id_equipo) VALUES (94, 'Ashley Hicks', 'Física', 29);
INSERT INTO entrenador (id, nombre, especialidad, id_equipo) VALUES (95, 'Hannah Luna', 'Ofensiva', 13);
INSERT INTO entrenador (id, nombre, especialidad, id_equipo) VALUES (96, 'Robin Young', 'Física', 83);
INSERT INTO entrenador (id, nombre, especialidad, id_equipo) VALUES (97, 'Craig Morrison', 'Defensiva', 67);
INSERT INTO entrenador (id, nombre, especialidad, id_equipo) VALUES (98, 'Mary Thompson', 'Ofensiva', 29);
INSERT INTO entrenador (id, nombre, especialidad, id_equipo) VALUES (99, 'Kathleen Webster', 'Táctica', 1);
INSERT INTO entrenador (id, nombre, especialidad, id_equipo) VALUES (100, 'Joann Glass', 'Física', 81);
INSERT INTO partido (id, fecha, estadio, equipo_local, equipo_visita, goles_local, goles_visita) VALUES (1, '2024-11-27', 'Reid, Weber and Lin', 3, 75, 4, 4);
INSERT INTO partido (id, fecha, estadio, equipo_local, equipo_visita, goles_local, goles_visita) VALUES (2, '2024-12-21', 'Hernandez-Jones', 61, 9, 4, 3);
INSERT INTO partido (id, fecha, estadio, equipo_local, equipo_visita, goles_local, goles_visita) VALUES (3, '2024-10-10', 'Turner, Hill and Brown', 30, 67, 5, 5);
INSERT INTO partido (id, fecha, estadio, equipo_local, equipo_visita, goles_local, goles_visita) VALUES (4, '2024-11-05', 'Collins Group', 42, 63, 2, 2);
INSERT INTO partido (id, fecha, estadio, equipo_local, equipo_visita, goles_local, goles_visita) VALUES (5, '2024-05-06', 'Wood LLC', 28, 52, 1, 3);
INSERT INTO partido (id, fecha, estadio, equipo_local, equipo_visita, goles_local, goles_visita) VALUES (6, '2024-05-21', 'Lin, Wyatt and Gilbert', 22, 82, 1, 1);
INSERT INTO partido (id, fecha, estadio, equipo_local, equipo_visita, goles_local, goles_visita) VALUES (7, '2024-11-04', 'Ford-Spencer', 65, 86, 1, 0);
INSERT INTO partido (id, fecha, estadio, equipo_local, equipo_visita, goles_local, goles_visita) VALUES (8, '2025-02-23', 'Huang, Cole and Pacheco', 89, 92, 1, 0);
INSERT INTO partido (id, fecha, estadio, equipo_local, equipo_visita, goles_local, goles_visita) VALUES (9, '2024-12-31', 'Morris Group', 12, 71, 4, 1);
INSERT INTO partido (id, fecha, estadio, equipo_local, equipo_visita, goles_local, goles_visita) VALUES (10, '2024-11-02', 'Rosario Group', 12, 86, 5, 2);
INSERT INTO partido (id, fecha, estadio, equipo_local, equipo_visita, goles_local, goles_visita) VALUES (11, '2024-06-01', 'Haas-Miller', 12, 26, 5, 4);
INSERT INTO partido (id, fecha, estadio, equipo_local, equipo_visita, goles_local, goles_visita) VALUES (12, '2024-12-28', 'Williams Ltd', 91, 80, 4, 1);
INSERT INTO partido (id, fecha, estadio, equipo_local, equipo_visita, goles_local, goles_visita) VALUES (13, '2024-10-09', 'Warren-Bishop', 91, 60, 5, 2);
INSERT INTO partido (id, fecha, estadio, equipo_local, equipo_visita, goles_local, goles_visita) VALUES (14, '2024-09-10', 'Hardin-Hughes', 39, 58, 0, 1);
INSERT INTO partido (id, fecha, estadio, equipo_local, equipo_visita, goles_local, goles_visita) VALUES (15, '2025-02-16', 'Shelton-Williams', 94, 85, 5, 5);
INSERT INTO partido (id, fecha, estadio, equipo_local, equipo_visita, goles_local, goles_visita) VALUES (16, '2024-12-23', 'Cook, Rivera and Grant', 27, 91, 4, 3);
INSERT INTO partido (id, fecha, estadio, equipo_local, equipo_visita, goles_local, goles_visita) VALUES (17, '2024-09-19', 'King-York', 47, 16, 2, 3);
INSERT INTO partido (id, fecha, estadio, equipo_local, equipo_visita, goles_local, goles_visita) VALUES (18, '2025-04-08', 'Marks, Cook and Aguilar', 3, 94, 4, 4);
INSERT INTO partido (id, fecha, estadio, equipo_local, equipo_visita, goles_local, goles_visita) VALUES (19, '2024-06-15', 'Collins-Douglas', 79, 3, 0, 5);
INSERT INTO partido (id, fecha, estadio, equipo_local, equipo_visita, goles_local, goles_visita) VALUES (20, '2025-01-04', 'Anderson-Fletcher', 74, 7, 3, 3);
INSERT INTO partido (id, fecha, estadio, equipo_local, equipo_visita, goles_local, goles_visita) VALUES (21, '2024-05-24', 'Hansen-Schneider', 44, 26, 2, 3);
INSERT INTO partido (id, fecha, estadio, equipo_local, equipo_visita, goles_local, goles_visita) VALUES (22, '2024-08-27', 'Santiago Ltd', 75, 18, 0, 3);
INSERT INTO partido (id, fecha, estadio, equipo_local, equipo_visita, goles_local, goles_visita) VALUES (23, '2025-01-13', 'Davis, Santiago and Romero', 91, 17, 5, 3);
INSERT INTO partido (id, fecha, estadio, equipo_local, equipo_visita, goles_local, goles_visita) VALUES (24, '2024-04-29', 'Parker-Bean', 97, 34, 1, 5);
INSERT INTO partido (id, fecha, estadio, equipo_local, equipo_visita, goles_local, goles_visita) VALUES (25, '2024-09-01', 'Lee-Cooke', 69, 67, 5, 1);
INSERT INTO partido (id, fecha, estadio, equipo_local, equipo_visita, goles_local, goles_visita) VALUES (26, '2024-06-21', 'Phillips Inc', 49, 92, 1, 0);
INSERT INTO partido (id, fecha, estadio, equipo_local, equipo_visita, goles_local, goles_visita) VALUES (27, '2024-11-05', 'Conley, Stephenson and Johnson', 4, 98, 2, 5);
INSERT INTO partido (id, fecha, estadio, equipo_local, equipo_visita, goles_local, goles_visita) VALUES (28, '2024-08-30', 'Anderson, Bennett and Martin', 25, 94, 5, 3);
INSERT INTO partido (id, fecha, estadio, equipo_local, equipo_visita, goles_local, goles_visita) VALUES (29, '2025-03-10', 'Wise, Lamb and Martin', 58, 95, 0, 3);
INSERT INTO partido (id, fecha, estadio, equipo_local, equipo_visita, goles_local, goles_visita) VALUES (30, '2024-10-08', 'Jenkins Ltd', 16, 7, 0, 5);
INSERT INTO partido (id, fecha, estadio, equipo_local, equipo_visita, goles_local, goles_visita) VALUES (31, '2025-01-26', 'Montes PLC', 60, 62, 0, 5);
INSERT INTO partido (id, fecha, estadio, equipo_local, equipo_visita, goles_local, goles_visita) VALUES (32, '2024-08-10', 'Bowers, Young and Allen', 15, 56, 5, 2);
INSERT INTO partido (id, fecha, estadio, equipo_local, equipo_visita, goles_local, goles_visita) VALUES (33, '2025-03-02', 'Mckee-Lee', 4, 52, 2, 5);
INSERT INTO partido (id, fecha, estadio, equipo_local, equipo_visita, goles_local, goles_visita) VALUES (34, '2025-01-10', 'Joyce, Murray and Campbell', 18, 9, 3, 3);
INSERT INTO partido (id, fecha, estadio, equipo_local, equipo_visita, goles_local, goles_visita) VALUES (35, '2024-09-17', 'Rose, Burch and Montoya', 28, 3, 4, 1);
INSERT INTO partido (id, fecha, estadio, equipo_local, equipo_visita, goles_local, goles_visita) VALUES (36, '2025-02-27', 'Taylor, Wright and Davidson', 94, 32, 0, 1);
INSERT INTO partido (id, fecha, estadio, equipo_local, equipo_visita, goles_local, goles_visita) VALUES (37, '2025-03-27', 'Spencer-Garcia', 12, 23, 5, 3);
INSERT INTO partido (id, fecha, estadio, equipo_local, equipo_visita, goles_local, goles_visita) VALUES (38, '2025-03-16', 'Rosales, Mitchell and Hines', 65, 79, 4, 1);
INSERT INTO partido (id, fecha, estadio, equipo_local, equipo_visita, goles_local, goles_visita) VALUES (39, '2024-08-05', 'Whitehead-Hernandez', 6, 84, 2, 2);
INSERT INTO partido (id, fecha, estadio, equipo_local, equipo_visita, goles_local, goles_visita) VALUES (40, '2024-10-08', 'Potts and Sons', 89, 29, 1, 0);
INSERT INTO partido (id, fecha, estadio, equipo_local, equipo_visita, goles_local, goles_visita) VALUES (41, '2025-03-05', 'Wilkerson-Arias', 63, 22, 0, 2);
INSERT INTO partido (id, fecha, estadio, equipo_local, equipo_visita, goles_local, goles_visita) VALUES (42, '2024-09-30', 'Sanders LLC', 32, 2, 2, 5);
INSERT INTO partido (id, fecha, estadio, equipo_local, equipo_visita, goles_local, goles_visita) VALUES (43, '2024-07-22', 'Vang-Brooks', 62, 53, 2, 3);
INSERT INTO partido (id, fecha, estadio, equipo_local, equipo_visita, goles_local, goles_visita) VALUES (44, '2024-05-02', 'Galvan-Combs', 21, 65, 0, 2);
INSERT INTO partido (id, fecha, estadio, equipo_local, equipo_visita, goles_local, goles_visita) VALUES (45, '2024-12-30', 'Moody-Taylor', 99, 50, 1, 0);
INSERT INTO partido (id, fecha, estadio, equipo_local, equipo_visita, goles_local, goles_visita) VALUES (46, '2024-08-11', 'Horton-Taylor', 56, 14, 3, 3);
INSERT INTO partido (id, fecha, estadio, equipo_local, equipo_visita, goles_local, goles_visita) VALUES (47, '2025-01-21', 'West-Smith', 31, 81, 5, 0);
INSERT INTO partido (id, fecha, estadio, equipo_local, equipo_visita, goles_local, goles_visita) VALUES (48, '2024-05-22', 'Scott and Sons', 31, 88, 5, 1);
INSERT INTO partido (id, fecha, estadio, equipo_local, equipo_visita, goles_local, goles_visita) VALUES (49, '2024-11-21', 'Lynch, Henderson and Parsons', 50, 1, 4, 0);
INSERT INTO partido (id, fecha, estadio, equipo_local, equipo_visita, goles_local, goles_visita) VALUES (50, '2024-07-23', 'Martinez-Allen', 93, 88, 4, 4);
INSERT INTO partido (id, fecha, estadio, equipo_local, equipo_visita, goles_local, goles_visita) VALUES (51, '2024-12-26', 'Bryant, Rodriguez and Stein', 10, 88, 4, 1);
INSERT INTO partido (id, fecha, estadio, equipo_local, equipo_visita, goles_local, goles_visita) VALUES (52, '2024-12-09', 'Smith, Robertson and Allen', 37, 83, 4, 4);
INSERT INTO partido (id, fecha, estadio, equipo_local, equipo_visita, goles_local, goles_visita) VALUES (53, '2024-06-16', 'Patterson-Mendez', 86, 30, 2, 0);
INSERT INTO partido (id, fecha, estadio, equipo_local, equipo_visita, goles_local, goles_visita) VALUES (54, '2024-07-24', 'Butler, Beck and Miller', 45, 40, 1, 2);
INSERT INTO partido (id, fecha, estadio, equipo_local, equipo_visita, goles_local, goles_visita) VALUES (55, '2024-09-09', 'Ashley PLC', 97, 70, 4, 1);
INSERT INTO partido (id, fecha, estadio, equipo_local, equipo_visita, goles_local, goles_visita) VALUES (56, '2024-11-05', 'Spencer, Myers and Harrison', 41, 61, 5, 0);
INSERT INTO partido (id, fecha, estadio, equipo_local, equipo_visita, goles_local, goles_visita) VALUES (57, '2024-12-24', 'Zavala-King', 81, 71, 5, 5);
INSERT INTO partido (id, fecha, estadio, equipo_local, equipo_visita, goles_local, goles_visita) VALUES (58, '2024-04-28', 'Kramer-Cooper', 8, 3, 3, 3);
INSERT INTO partido (id, fecha, estadio, equipo_local, equipo_visita, goles_local, goles_visita) VALUES (59, '2025-01-31', 'Fuller, Ingram and Moss', 8, 2, 1, 5);
INSERT INTO partido (id, fecha, estadio, equipo_local, equipo_visita, goles_local, goles_visita) VALUES (60, '2024-08-29', 'Williams PLC', 14, 45, 4, 3);
INSERT INTO partido (id, fecha, estadio, equipo_local, equipo_visita, goles_local, goles_visita) VALUES (61, '2024-08-31', 'Thompson, Maxwell and Marshall', 20, 50, 2, 0);
INSERT INTO partido (id, fecha, estadio, equipo_local, equipo_visita, goles_local, goles_visita) VALUES (62, '2025-01-17', 'Welch-Cain', 53, 56, 0, 3);
INSERT INTO partido (id, fecha, estadio, equipo_local, equipo_visita, goles_local, goles_visita) VALUES (63, '2024-05-16', 'Parsons, Ellis and Carter', 50, 84, 0, 4);
INSERT INTO partido (id, fecha, estadio, equipo_local, equipo_visita, goles_local, goles_visita) VALUES (64, '2024-05-09', 'Blackwell LLC', 55, 28, 2, 2);
INSERT INTO partido (id, fecha, estadio, equipo_local, equipo_visita, goles_local, goles_visita) VALUES (65, '2025-04-19', 'Robertson-Hays', 37, 65, 1, 3);
INSERT INTO partido (id, fecha, estadio, equipo_local, equipo_visita, goles_local, goles_visita) VALUES (66, '2024-11-18', 'King-Mullins', 29, 88, 5, 1);
INSERT INTO partido (id, fecha, estadio, equipo_local, equipo_visita, goles_local, goles_visita) VALUES (67, '2024-07-05', 'Kelly-Norman', 60, 84, 4, 1);
INSERT INTO partido (id, fecha, estadio, equipo_local, equipo_visita, goles_local, goles_visita) VALUES (68, '2025-03-24', 'Rivera, Martinez and Richardson', 43, 26, 0, 1);
INSERT INTO partido (id, fecha, estadio, equipo_local, equipo_visita, goles_local, goles_visita) VALUES (69, '2025-04-02', 'Paul-Kline', 67, 44, 0, 4);
INSERT INTO partido (id, fecha, estadio, equipo_local, equipo_visita, goles_local, goles_visita) VALUES (70, '2024-09-19', 'Beltran-Crawford', 65, 49, 4, 5);
INSERT INTO partido (id, fecha, estadio, equipo_local, equipo_visita, goles_local, goles_visita) VALUES (71, '2024-11-01', 'Glass-Stone', 24, 43, 1, 1);
INSERT INTO partido (id, fecha, estadio, equipo_local, equipo_visita, goles_local, goles_visita) VALUES (72, '2025-02-27', 'Acosta Inc', 85, 43, 4, 2);
INSERT INTO partido (id, fecha, estadio, equipo_local, equipo_visita, goles_local, goles_visita) VALUES (73, '2024-10-06', 'Carney, White and Carter', 91, 36, 1, 4);
INSERT INTO partido (id, fecha, estadio, equipo_local, equipo_visita, goles_local, goles_visita) VALUES (74, '2024-05-31', 'Murphy LLC', 6, 72, 4, 4);
INSERT INTO partido (id, fecha, estadio, equipo_local, equipo_visita, goles_local, goles_visita) VALUES (75, '2024-08-19', 'Morrison-Simmons', 1, 85, 3, 2);
INSERT INTO partido (id, fecha, estadio, equipo_local, equipo_visita, goles_local, goles_visita) VALUES (76, '2025-01-14', 'Bell-Williams', 22, 79, 3, 5);
INSERT INTO partido (id, fecha, estadio, equipo_local, equipo_visita, goles_local, goles_visita) VALUES (77, '2025-03-25', 'Mendez-Graham', 5, 82, 3, 2);
INSERT INTO partido (id, fecha, estadio, equipo_local, equipo_visita, goles_local, goles_visita) VALUES (78, '2024-12-26', 'Jones Ltd', 38, 34, 1, 2);
INSERT INTO partido (id, fecha, estadio, equipo_local, equipo_visita, goles_local, goles_visita) VALUES (79, '2024-09-26', 'Palmer-Brady', 66, 46, 1, 5);
INSERT INTO partido (id, fecha, estadio, equipo_local, equipo_visita, goles_local, goles_visita) VALUES (80, '2024-06-23', 'Thomas PLC', 62, 92, 3, 2);
INSERT INTO partido (id, fecha, estadio, equipo_local, equipo_visita, goles_local, goles_visita) VALUES (81, '2025-01-10', 'Johnson-Jones', 24, 14, 2, 0);
INSERT INTO partido (id, fecha, estadio, equipo_local, equipo_visita, goles_local, goles_visita) VALUES (82, '2025-02-18', 'Diaz, Reyes and Bradley', 48, 38, 1, 1);
INSERT INTO partido (id, fecha, estadio, equipo_local, equipo_visita, goles_local, goles_visita) VALUES (83, '2024-12-12', 'Shelton LLC', 55, 45, 5, 4);
INSERT INTO partido (id, fecha, estadio, equipo_local, equipo_visita, goles_local, goles_visita) VALUES (84, '2024-09-13', 'Hines-Berry', 25, 66, 2, 5);
INSERT INTO partido (id, fecha, estadio, equipo_local, equipo_visita, goles_local, goles_visita) VALUES (85, '2024-11-13', 'Sanders-Banks', 86, 49, 2, 1);
INSERT INTO partido (id, fecha, estadio, equipo_local, equipo_visita, goles_local, goles_visita) VALUES (86, '2024-07-27', 'Johnson and Sons', 75, 63, 1, 5);
INSERT INTO partido (id, fecha, estadio, equipo_local, equipo_visita, goles_local, goles_visita) VALUES (87, '2024-11-01', 'Hughes, Hoffman and Green', 37, 15, 1, 2);
INSERT INTO partido (id, fecha, estadio, equipo_local, equipo_visita, goles_local, goles_visita) VALUES (88, '2024-08-01', 'Griffin, Davies and Mitchell', 8, 82, 3, 0);
INSERT INTO partido (id, fecha, estadio, equipo_local, equipo_visita, goles_local, goles_visita) VALUES (89, '2025-04-12', 'Gonzalez-Taylor', 62, 83, 0, 1);
INSERT INTO partido (id, fecha, estadio, equipo_local, equipo_visita, goles_local, goles_visita) VALUES (90, '2024-05-20', 'Thompson-Reeves', 19, 46, 0, 3);
INSERT INTO partido (id, fecha, estadio, equipo_local, equipo_visita, goles_local, goles_visita) VALUES (91, '2024-05-26', 'Ponce, Downs and Contreras', 11, 20, 1, 3);
INSERT INTO partido (id, fecha, estadio, equipo_local, equipo_visita, goles_local, goles_visita) VALUES (92, '2025-01-22', 'Pierce LLC', 76, 41, 3, 4);
INSERT INTO partido (id, fecha, estadio, equipo_local, equipo_visita, goles_local, goles_visita) VALUES (93, '2025-04-03', 'York-Joseph', 73, 34, 0, 5);
INSERT INTO partido (id, fecha, estadio, equipo_local, equipo_visita, goles_local, goles_visita) VALUES (94, '2025-04-17', 'Little, Leon and Hicks', 49, 91, 1, 2);
INSERT INTO partido (id, fecha, estadio, equipo_local, equipo_visita, goles_local, goles_visita) VALUES (95, '2024-06-08', 'Conner and Sons', 43, 13, 0, 2);
INSERT INTO partido (id, fecha, estadio, equipo_local, equipo_visita, goles_local, goles_visita) VALUES (96, '2025-02-22', 'Johnson-Spencer', 93, 88, 5, 5);
INSERT INTO partido (id, fecha, estadio, equipo_local, equipo_visita, goles_local, goles_visita) VALUES (97, '2024-09-12', 'Lara-Arnold', 38, 48, 5, 0);
INSERT INTO partido (id, fecha, estadio, equipo_local, equipo_visita, goles_local, goles_visita) VALUES (98, '2024-12-15', 'Jones Group', 66, 90, 5, 3);
INSERT INTO partido (id, fecha, estadio, equipo_local, equipo_visita, goles_local, goles_visita) VALUES (99, '2025-01-25', 'Mendoza, Jenkins and Ortiz', 9, 36, 2, 3);
INSERT INTO partido (id, fecha, estadio, equipo_local, equipo_visita, goles_local, goles_visita) VALUES (100, '2024-12-01', 'Martinez LLC', 21, 5, 0, 3);
INSERT INTO estadisticas (id, id_jugador, id_partido, minutos_jugados, goles, asistencias, tarjetas_amarillas, tarjetas_rojas) VALUES (1, 9, 19, 57, 1, 1, 1, 0);
INSERT INTO estadisticas (id, id_jugador, id_partido, minutos_jugados, goles, asistencias, tarjetas_amarillas, tarjetas_rojas) VALUES (2, 17, 37, 78, 2, 0, 1, 0);
INSERT INTO estadisticas (id, id_jugador, id_partido, minutos_jugados, goles, asistencias, tarjetas_amarillas, tarjetas_rojas) VALUES (3, 18, 2, 73, 0, 1, 0, 0);
INSERT INTO estadisticas (id, id_jugador, id_partido, minutos_jugados, goles, asistencias, tarjetas_amarillas, tarjetas_rojas) VALUES (4, 84, 51, 73, 2, 2, 0, 0);
INSERT INTO estadisticas (id, id_jugador, id_partido, minutos_jugados, goles, asistencias, tarjetas_amarillas, tarjetas_rojas) VALUES (5, 74, 39, 39, 0, 0, 0, 1);
INSERT INTO estadisticas (id, id_jugador, id_partido, minutos_jugados, goles, asistencias, tarjetas_amarillas, tarjetas_rojas) VALUES (6, 29, 24, 78, 1, 1, 0, 0);
INSERT INTO estadisticas (id, id_jugador, id_partido, minutos_jugados, goles, asistencias, tarjetas_amarillas, tarjetas_rojas) VALUES (7, 57, 42, 82, 2, 1, 0, 0);
INSERT INTO estadisticas (id, id_jugador, id_partido, minutos_jugados, goles, asistencias, tarjetas_amarillas, tarjetas_rojas) VALUES (8, 5, 15, 61, 2, 1, 0, 0);
INSERT INTO estadisticas (id, id_jugador, id_partido, minutos_jugados, goles, asistencias, tarjetas_amarillas, tarjetas_rojas) VALUES (9, 77, 35, 83, 3, 1, 0, 0);
INSERT INTO estadisticas (id, id_jugador, id_partido, minutos_jugados, goles, asistencias, tarjetas_amarillas, tarjetas_rojas) VALUES (10, 72, 51, 57, 2, 0, 1, 0);
INSERT INTO estadisticas (id, id_jugador, id_partido, minutos_jugados, goles, asistencias, tarjetas_amarillas, tarjetas_rojas) VALUES (11, 95, 64, 79, 0, 1, 1, 0);
INSERT INTO estadisticas (id, id_jugador, id_partido, minutos_jugados, goles, asistencias, tarjetas_amarillas, tarjetas_rojas) VALUES (12, 17, 65, 89, 1, 2, 1, 0);
INSERT INTO estadisticas (id, id_jugador, id_partido, minutos_jugados, goles, asistencias, tarjetas_amarillas, tarjetas_rojas) VALUES (13, 9, 7, 65, 2, 2, 1, 0);
INSERT INTO estadisticas (id, id_jugador, id_partido, minutos_jugados, goles, asistencias, tarjetas_amarillas, tarjetas_rojas) VALUES (14, 13, 99, 33, 3, 1, 0, 0);
INSERT INTO estadisticas (id, id_jugador, id_partido, minutos_jugados, goles, asistencias, tarjetas_amarillas, tarjetas_rojas) VALUES (15, 80, 88, 68, 1, 1, 1, 0);
INSERT INTO estadisticas (id, id_jugador, id_partido, minutos_jugados, goles, asistencias, tarjetas_amarillas, tarjetas_rojas) VALUES (16, 53, 61, 57, 0, 1, 0, 0);
INSERT INTO estadisticas (id, id_jugador, id_partido, minutos_jugados, goles, asistencias, tarjetas_amarillas, tarjetas_rojas) VALUES (17, 94, 25, 61, 1, 2, 1, 0);
INSERT INTO estadisticas (id, id_jugador, id_partido, minutos_jugados, goles, asistencias, tarjetas_amarillas, tarjetas_rojas) VALUES (18, 7, 64, 59, 0, 2, 1, 0);
INSERT INTO estadisticas (id, id_jugador, id_partido, minutos_jugados, goles, asistencias, tarjetas_amarillas, tarjetas_rojas) VALUES (19, 88, 64, 58, 1, 1, 1, 0);
INSERT INTO estadisticas (id, id_jugador, id_partido, minutos_jugados, goles, asistencias, tarjetas_amarillas, tarjetas_rojas) VALUES (20, 1, 82, 36, 0, 0, 0, 1);
INSERT INTO estadisticas (id, id_jugador, id_partido, minutos_jugados, goles, asistencias, tarjetas_amarillas, tarjetas_rojas) VALUES (21, 3, 30, 78, 1, 0, 1, 0);
INSERT INTO estadisticas (id, id_jugador, id_partido, minutos_jugados, goles, asistencias, tarjetas_amarillas, tarjetas_rojas) VALUES (22, 9, 25, 76, 3, 2, 1, 0);
INSERT INTO estadisticas (id, id_jugador, id_partido, minutos_jugados, goles, asistencias, tarjetas_amarillas, tarjetas_rojas) VALUES (23, 59, 53, 46, 3, 2, 1, 0);
INSERT INTO estadisticas (id, id_jugador, id_partido, minutos_jugados, goles, asistencias, tarjetas_amarillas, tarjetas_rojas) VALUES (24, 65, 88, 85, 0, 2, 0, 0);
INSERT INTO estadisticas (id, id_jugador, id_partido, minutos_jugados, goles, asistencias, tarjetas_amarillas, tarjetas_rojas) VALUES (25, 94, 18, 35, 3, 2, 1, 0);
INSERT INTO estadisticas (id, id_jugador, id_partido, minutos_jugados, goles, asistencias, tarjetas_amarillas, tarjetas_rojas) VALUES (26, 9, 3, 79, 2, 1, 0, 0);
INSERT INTO estadisticas (id, id_jugador, id_partido, minutos_jugados, goles, asistencias, tarjetas_amarillas, tarjetas_rojas) VALUES (27, 84, 49, 71, 3, 1, 0, 0);
INSERT INTO estadisticas (id, id_jugador, id_partido, minutos_jugados, goles, asistencias, tarjetas_amarillas, tarjetas_rojas) VALUES (28, 12, 97, 71, 3, 0, 0, 0);
INSERT INTO estadisticas (id, id_jugador, id_partido, minutos_jugados, goles, asistencias, tarjetas_amarillas, tarjetas_rojas) VALUES (29, 84, 15, 35, 0, 2, 0, 0);
INSERT INTO estadisticas (id, id_jugador, id_partido, minutos_jugados, goles, asistencias, tarjetas_amarillas, tarjetas_rojas) VALUES (30, 47, 98, 86, 3, 0, 1, 0);
INSERT INTO estadisticas (id, id_jugador, id_partido, minutos_jugados, goles, asistencias, tarjetas_amarillas, tarjetas_rojas) VALUES (31, 26, 40, 62, 1, 0, 0, 0);
INSERT INTO estadisticas (id, id_jugador, id_partido, minutos_jugados, goles, asistencias, tarjetas_amarillas, tarjetas_rojas) VALUES (32, 72, 36, 52, 3, 1, 0, 0);
INSERT INTO estadisticas (id, id_jugador, id_partido, minutos_jugados, goles, asistencias, tarjetas_amarillas, tarjetas_rojas) VALUES (33, 78, 54, 65, 1, 2, 0, 0);
INSERT INTO estadisticas (id, id_jugador, id_partido, minutos_jugados, goles, asistencias, tarjetas_amarillas, tarjetas_rojas) VALUES (34, 29, 67, 54, 0, 0, 0, 0);
INSERT INTO estadisticas (id, id_jugador, id_partido, minutos_jugados, goles, asistencias, tarjetas_amarillas, tarjetas_rojas) VALUES (35, 92, 86, 39, 0, 1, 1, 0);
INSERT INTO estadisticas (id, id_jugador, id_partido, minutos_jugados, goles, asistencias, tarjetas_amarillas, tarjetas_rojas) VALUES (36, 74, 19, 52, 3, 0, 0, 0);
INSERT INTO estadisticas (id, id_jugador, id_partido, minutos_jugados, goles, asistencias, tarjetas_amarillas, tarjetas_rojas) VALUES (37, 95, 99, 75, 2, 1, 0, 0);
INSERT INTO estadisticas (id, id_jugador, id_partido, minutos_jugados, goles, asistencias, tarjetas_amarillas, tarjetas_rojas) VALUES (38, 90, 34, 64, 2, 2, 1, 0);
INSERT INTO estadisticas (id, id_jugador, id_partido, minutos_jugados, goles, asistencias, tarjetas_amarillas, tarjetas_rojas) VALUES (39, 77, 84, 63, 3, 1, 1, 0);
INSERT INTO estadisticas (id, id_jugador, id_partido, minutos_jugados, goles, asistencias, tarjetas_amarillas, tarjetas_rojas) VALUES (40, 69, 12, 48, 1, 0, 1, 0);
INSERT INTO estadisticas (id, id_jugador, id_partido, minutos_jugados, goles, asistencias, tarjetas_amarillas, tarjetas_rojas) VALUES (41, 73, 55, 84, 3, 1, 1, 0);
INSERT INTO estadisticas (id, id_jugador, id_partido, minutos_jugados, goles, asistencias, tarjetas_amarillas, tarjetas_rojas) VALUES (42, 87, 97, 79, 0, 0, 0, 0);
INSERT INTO estadisticas (id, id_jugador, id_partido, minutos_jugados, goles, asistencias, tarjetas_amarillas, tarjetas_rojas) VALUES (43, 10, 25, 47, 3, 1, 1, 0);
INSERT INTO estadisticas (id, id_jugador, id_partido, minutos_jugados, goles, asistencias, tarjetas_amarillas, tarjetas_rojas) VALUES (44, 18, 70, 66, 0, 0, 1, 0);
INSERT INTO estadisticas (id, id_jugador, id_partido, minutos_jugados, goles, asistencias, tarjetas_amarillas, tarjetas_rojas) VALUES (45, 40, 56, 64, 1, 2, 1, 0);
INSERT INTO estadisticas (id, id_jugador, id_partido, minutos_jugados, goles, asistencias, tarjetas_amarillas, tarjetas_rojas) VALUES (46, 19, 49, 57, 3, 1, 0, 0);
INSERT INTO estadisticas (id, id_jugador, id_partido, minutos_jugados, goles, asistencias, tarjetas_amarillas, tarjetas_rojas) VALUES (47, 15, 9, 83, 0, 0, 0, 0);
INSERT INTO estadisticas (id, id_jugador, id_partido, minutos_jugados, goles, asistencias, tarjetas_amarillas, tarjetas_rojas) VALUES (48, 98, 63, 34, 1, 2, 0, 0);
INSERT INTO estadisticas (id, id_jugador, id_partido, minutos_jugados, goles, asistencias, tarjetas_amarillas, tarjetas_rojas) VALUES (49, 59, 17, 68, 2, 1, 1, 0);
INSERT INTO estadisticas (id, id_jugador, id_partido, minutos_jugados, goles, asistencias, tarjetas_amarillas, tarjetas_rojas) VALUES (50, 51, 10, 80, 2, 0, 1, 0);
INSERT INTO estadisticas (id, id_jugador, id_partido, minutos_jugados, goles, asistencias, tarjetas_amarillas, tarjetas_rojas) VALUES (51, 45, 38, 68, 2, 0, 0, 0);
INSERT INTO estadisticas (id, id_jugador, id_partido, minutos_jugados, goles, asistencias, tarjetas_amarillas, tarjetas_rojas) VALUES (52, 79, 84, 31, 2, 1, 1, 0);
INSERT INTO estadisticas (id, id_jugador, id_partido, minutos_jugados, goles, asistencias, tarjetas_amarillas, tarjetas_rojas) VALUES (53, 8, 6, 31, 3, 2, 1, 0);
INSERT INTO estadisticas (id, id_jugador, id_partido, minutos_jugados, goles, asistencias, tarjetas_amarillas, tarjetas_rojas) VALUES (54, 10, 57, 69, 3, 2, 1, 0);
INSERT INTO estadisticas (id, id_jugador, id_partido, minutos_jugados, goles, asistencias, tarjetas_amarillas, tarjetas_rojas) VALUES (55, 25, 8, 31, 0, 1, 1, 0);
INSERT INTO estadisticas (id, id_jugador, id_partido, minutos_jugados, goles, asistencias, tarjetas_amarillas, tarjetas_rojas) VALUES (56, 77, 43, 81, 2, 2, 0, 0);
INSERT INTO estadisticas (id, id_jugador, id_partido, minutos_jugados, goles, asistencias, tarjetas_amarillas, tarjetas_rojas) VALUES (57, 77, 38, 79, 2, 0, 0, 0);
INSERT INTO estadisticas (id, id_jugador, id_partido, minutos_jugados, goles, asistencias, tarjetas_amarillas, tarjetas_rojas) VALUES (58, 19, 12, 87, 0, 2, 1, 0);
INSERT INTO estadisticas (id, id_jugador, id_partido, minutos_jugados, goles, asistencias, tarjetas_amarillas, tarjetas_rojas) VALUES (59, 35, 27, 83, 3, 0, 1, 0);
INSERT INTO estadisticas (id, id_jugador, id_partido, minutos_jugados, goles, asistencias, tarjetas_amarillas, tarjetas_rojas) VALUES (60, 7, 96, 46, 1, 2, 1, 0);
INSERT INTO estadisticas (id, id_jugador, id_partido, minutos_jugados, goles, asistencias, tarjetas_amarillas, tarjetas_rojas) VALUES (61, 41, 24, 70, 3, 1, 1, 0);
INSERT INTO estadisticas (id, id_jugador, id_partido, minutos_jugados, goles, asistencias, tarjetas_amarillas, tarjetas_rojas) VALUES (62, 20, 29, 53, 0, 0, 1, 0);
INSERT INTO estadisticas (id, id_jugador, id_partido, minutos_jugados, goles, asistencias, tarjetas_amarillas, tarjetas_rojas) VALUES (63, 23, 35, 47, 0, 0, 0, 0);
INSERT INTO estadisticas (id, id_jugador, id_partido, minutos_jugados, goles, asistencias, tarjetas_amarillas, tarjetas_rojas) VALUES (64, 97, 39, 49, 3, 2, 1, 0);
INSERT INTO estadisticas (id, id_jugador, id_partido, minutos_jugados, goles, asistencias, tarjetas_amarillas, tarjetas_rojas) VALUES (65, 94, 47, 59, 0, 0, 0, 0);
INSERT INTO estadisticas (id, id_jugador, id_partido, minutos_jugados, goles, asistencias, tarjetas_amarillas, tarjetas_rojas) VALUES (66, 82, 87, 62, 2, 2, 0, 0);
INSERT INTO estadisticas (id, id_jugador, id_partido, minutos_jugados, goles, asistencias, tarjetas_amarillas, tarjetas_rojas) VALUES (67, 7, 50, 54, 2, 0, 0, 1);
INSERT INTO estadisticas (id, id_jugador, id_partido, minutos_jugados, goles, asistencias, tarjetas_amarillas, tarjetas_rojas) VALUES (68, 18, 42, 52, 0, 1, 0, 0);
INSERT INTO estadisticas (id, id_jugador, id_partido, minutos_jugados, goles, asistencias, tarjetas_amarillas, tarjetas_rojas) VALUES (69, 62, 25, 51, 3, 0, 0, 0);
INSERT INTO estadisticas (id, id_jugador, id_partido, minutos_jugados, goles, asistencias, tarjetas_amarillas, tarjetas_rojas) VALUES (70, 98, 80, 77, 1, 1, 0, 0);
INSERT INTO estadisticas (id, id_jugador, id_partido, minutos_jugados, goles, asistencias, tarjetas_amarillas, tarjetas_rojas) VALUES (71, 49, 65, 43, 1, 0, 1, 0);
INSERT INTO estadisticas (id, id_jugador, id_partido, minutos_jugados, goles, asistencias, tarjetas_amarillas, tarjetas_rojas) VALUES (72, 64, 93, 62, 2, 1, 0, 0);
INSERT INTO estadisticas (id, id_jugador, id_partido, minutos_jugados, goles, asistencias, tarjetas_amarillas, tarjetas_rojas) VALUES (73, 23, 11, 59, 1, 0, 1, 0);
INSERT INTO estadisticas (id, id_jugador, id_partido, minutos_jugados, goles, asistencias, tarjetas_amarillas, tarjetas_rojas) VALUES (74, 63, 96, 36, 3, 2, 0, 0);
INSERT INTO estadisticas (id, id_jugador, id_partido, minutos_jugados, goles, asistencias, tarjetas_amarillas, tarjetas_rojas) VALUES (75, 5, 87, 67, 3, 1, 0, 0);
INSERT INTO estadisticas (id, id_jugador, id_partido, minutos_jugados, goles, asistencias, tarjetas_amarillas, tarjetas_rojas) VALUES (76, 39, 15, 40, 2, 0, 1, 0);
INSERT INTO estadisticas (id, id_jugador, id_partido, minutos_jugados, goles, asistencias, tarjetas_amarillas, tarjetas_rojas) VALUES (77, 78, 38, 68, 0, 0, 0, 0);
INSERT INTO estadisticas (id, id_jugador, id_partido, minutos_jugados, goles, asistencias, tarjetas_amarillas, tarjetas_rojas) VALUES (78, 13, 7, 80, 2, 2, 1, 0);
INSERT INTO estadisticas (id, id_jugador, id_partido, minutos_jugados, goles, asistencias, tarjetas_amarillas, tarjetas_rojas) VALUES (79, 95, 93, 85, 1, 1, 0, 0);
INSERT INTO estadisticas (id, id_jugador, id_partido, minutos_jugados, goles, asistencias, tarjetas_amarillas, tarjetas_rojas) VALUES (80, 37, 45, 60, 0, 1, 1, 1);
INSERT INTO estadisticas (id, id_jugador, id_partido, minutos_jugados, goles, asistencias, tarjetas_amarillas, tarjetas_rojas) VALUES (81, 62, 94, 45, 0, 1, 0, 0);
INSERT INTO estadisticas (id, id_jugador, id_partido, minutos_jugados, goles, asistencias, tarjetas_amarillas, tarjetas_rojas) VALUES (82, 6, 99, 42, 3, 0, 0, 0);
INSERT INTO estadisticas (id, id_jugador, id_partido, minutos_jugados, goles, asistencias, tarjetas_amarillas, tarjetas_rojas) VALUES (83, 44, 67, 83, 0, 0, 1, 0);
INSERT INTO estadisticas (id, id_jugador, id_partido, minutos_jugados, goles, asistencias, tarjetas_amarillas, tarjetas_rojas) VALUES (84, 52, 91, 75, 3, 1, 1, 0);
INSERT INTO estadisticas (id, id_jugador, id_partido, minutos_jugados, goles, asistencias, tarjetas_amarillas, tarjetas_rojas) VALUES (85, 7, 6, 80, 2, 1, 1, 0);
INSERT INTO estadisticas (id, id_jugador, id_partido, minutos_jugados, goles, asistencias, tarjetas_amarillas, tarjetas_rojas) VALUES (86, 33, 21, 32, 3, 0, 0, 0);
INSERT INTO estadisticas (id, id_jugador, id_partido, minutos_jugados, goles, asistencias, tarjetas_amarillas, tarjetas_rojas) VALUES (87, 48, 39, 39, 2, 0, 0, 0);
INSERT INTO estadisticas (id, id_jugador, id_partido, minutos_jugados, goles, asistencias, tarjetas_amarillas, tarjetas_rojas) VALUES (88, 14, 41, 64, 0, 1, 0, 0);
INSERT INTO estadisticas (id, id_jugador, id_partido, minutos_jugados, goles, asistencias, tarjetas_amarillas, tarjetas_rojas) VALUES (89, 12, 62, 32, 3, 2, 1, 0);
INSERT INTO estadisticas (id, id_jugador, id_partido, minutos_jugados, goles, asistencias, tarjetas_amarillas, tarjetas_rojas) VALUES (90, 75, 59, 54, 3, 2, 1, 1);
INSERT INTO estadisticas (id, id_jugador, id_partido, minutos_jugados, goles, asistencias, tarjetas_amarillas, tarjetas_rojas) VALUES (91, 15, 85, 83, 3, 0, 1, 0);
INSERT INTO estadisticas (id, id_jugador, id_partido, minutos_jugados, goles, asistencias, tarjetas_amarillas, tarjetas_rojas) VALUES (92, 88, 7, 61, 2, 2, 0, 0);
INSERT INTO estadisticas (id, id_jugador, id_partido, minutos_jugados, goles, asistencias, tarjetas_amarillas, tarjetas_rojas) VALUES (93, 2, 3, 85, 0, 0, 0, 0);
INSERT INTO estadisticas (id, id_jugador, id_partido, minutos_jugados, goles, asistencias, tarjetas_amarillas, tarjetas_rojas) VALUES (94, 46, 25, 41, 0, 2, 0, 0);
INSERT INTO estadisticas (id, id_jugador, id_partido, minutos_jugados, goles, asistencias, tarjetas_amarillas, tarjetas_rojas) VALUES (95, 88, 83, 83, 0, 1, 1, 1);
INSERT INTO estadisticas (id, id_jugador, id_partido, minutos_jugados, goles, asistencias, tarjetas_amarillas, tarjetas_rojas) VALUES (96, 89, 29, 54, 0, 0, 0, 0);
INSERT INTO estadisticas (id, id_jugador, id_partido, minutos_jugados, goles, asistencias, tarjetas_amarillas, tarjetas_rojas) VALUES (97, 78, 19, 78, 2, 2, 1, 0);
INSERT INTO estadisticas (id, id_jugador, id_partido, minutos_jugados, goles, asistencias, tarjetas_amarillas, tarjetas_rojas) VALUES (98, 79, 88, 82, 2, 0, 1, 0);
INSERT INTO estadisticas (id, id_jugador, id_partido, minutos_jugados, goles, asistencias, tarjetas_amarillas, tarjetas_rojas) VALUES (99, 6, 86, 74, 3, 2, 1, 0);
INSERT INTO estadisticas (id, id_jugador, id_partido, minutos_jugados, goles, asistencias, tarjetas_amarillas, tarjetas_rojas) VALUES (100, 16, 65, 45, 0, 1, 1, 0);

